job_id,task_data,status,result,error,start_time,end_time,retry_count,duration_seconds,metadata
job_000002,"{'sku': 'SKU00001', 'price': 11, 'quantity': 90}",completed,"{'sku': 'SKU00001', 'price': 11, 'quantity': 90, 'total_value': 990, 'processed_at': '2026-06-20T14:21:29.759990'}",,2026-06-20T14:21:29.736371,2026-06-20T14:21:29.760166,0,0.023795,{}
job_000001,"{'sku': 'SKU00000', 'price': 10, 'quantity': 66}",completed,"{'sku': 'SKU00000', 'price': 10, 'quantity': 66, 'total_value': 660, 'processed_at': '2026-06-20T14:21:29.760586'}",,2026-06-20T14:21:29.736230,2026-06-20T14:21:29.760722,0,0.024492,{}
job_000003,"{'sku': 'SKU00002', 'price': 12, 'quantity': 4}",completed,"{'sku': 'SKU00002', 'price': 12, 'quantity': 4, 'total_value': 48, 'processed_at': '2026-06-20T14:21:29.770345'}",,2026-06-20T14:21:29.760190,2026-06-20T14:21:29.770527,0,0.010337,{}
job_000004,"{'sku': 'SKU00003', 'price': 13, 'quantity': 64}",completed,"{'sku': 'SKU00003', 'price': 13, 'quantity': 64, 'total_value': 832, 'processed_at': '2026-06-20T14:21:29.772796'}",,2026-06-20T14:21:29.760822,2026-06-20T14:21:29.772959,0,0.012137,{}
job_000006,"{'sku': 'SKU00005', 'price': 15, 'quantity': 29}",completed,"{'sku': 'SKU00005', 'price': 15, 'quantity': 29, 'total_value': 435, 'processed_at': '2026-06-20T14:21:29.787864'}",,2026-06-20T14:21:29.772978,2026-06-20T14:21:29.789835,0,0.016857,{}
job_000005,"{'sku': 'SKU00004', 'price': 14, 'quantity': 76}",completed,"{'sku': 'SKU00004', 'price': 14, 'quantity': 76, 'total_value': 1064, 'processed_at': '2026-06-20T14:21:29.789883'}",,2026-06-20T14:21:29.770553,2026-06-20T14:21:29.789988,0,0.019435,{}
job_000007,"{'sku': 'SKU00006', 'price': 16, 'quantity': 59}",completed,"{'sku': 'SKU00006', 'price': 16, 'quantity': 59, 'total_value': 944, 'processed_at': '2026-06-20T14:21:29.801853'}",,2026-06-20T14:21:29.789866,2026-06-20T14:21:29.802039,0,0.012173,{}
job_000008,"{'sku': 'SKU00007', 'price': 17, 'quantity': 20}",completed,"{'sku': 'SKU00007', 'price': 17, 'quantity': 20, 'total_value': 340, 'processed_at': '2026-06-20T14:21:29.802099'}",,2026-06-20T14:21:29.790007,2026-06-20T14:21:29.802189,0,0.012182,{}
job_000010,"{'sku': 'SKU00009', 'price': 19, 'quantity': 43}",completed,"{'sku': 'SKU00009', 'price': 19, 'quantity': 43, 'total_value': 817, 'processed_at': '2026-06-20T14:21:29.812298'}",,2026-06-20T14:21:29.802206,2026-06-20T14:21:29.812800,0,0.010594,{}
job_000009,"{'sku': 'SKU00008', 'price': 18, 'quantity': 51}",completed,"{'sku': 'SKU00008', 'price': 18, 'quantity': 51, 'total_value': 918, 'processed_at': '2026-06-20T14:21:29.812845'}",,2026-06-20T14:21:29.802065,2026-06-20T14:21:29.812947,0,0.010882,{}
job_000012,"{'sku': 'SKU00011', 'price': 21, 'quantity': 72}",completed,"{'sku': 'SKU00011', 'price': 21, 'quantity': 72, 'total_value': 1512, 'processed_at': '2026-06-20T14:21:29.823992'}",,2026-06-20T14:21:29.812964,2026-06-20T14:21:29.824173,0,0.011209,{}
job_000011,"{'sku': 'SKU00010', 'price': 20, 'quantity': 78}",completed,"{'sku': 'SKU00010', 'price': 20, 'quantity': 78, 'total_value': 1560, 'processed_at': '2026-06-20T14:21:29.824237'}",,2026-06-20T14:21:29.812828,2026-06-20T14:21:29.824331,0,0.011503,{}
job_000014,"{'sku': 'SKU00013', 'price': 23, 'quantity': 48}",completed,"{'sku': 'SKU00013', 'price': 23, 'quantity': 48, 'total_value': 1104, 'processed_at': '2026-06-20T14:21:29.835886'}",,2026-06-20T14:21:29.824348,2026-06-20T14:21:29.842546,0,0.018198,{}
job_000013,"{'sku': 'SKU00012', 'price': 22, 'quantity': 54}",completed,"{'sku': 'SKU00012', 'price': 22, 'quantity': 54, 'total_value': 1188, 'processed_at': '2026-06-20T14:21:29.842605'}",,2026-06-20T14:21:29.824202,2026-06-20T14:21:29.842792,0,0.01859,{}
job_000016,"{'sku': 'SKU00015', 'price': 25, 'quantity': 60}",completed,"{'sku': 'SKU00015', 'price': 25, 'quantity': 60, 'total_value': 1500, 'processed_at': '2026-06-20T14:21:29.859266'}",,2026-06-20T14:21:29.842810,2026-06-20T14:21:29.859452,0,0.016642,{}
job_000015,"{'sku': 'SKU00014', 'price': 24, 'quantity': 54}",completed,"{'sku': 'SKU00014', 'price': 24, 'quantity': 54, 'total_value': 1296, 'processed_at': '2026-06-20T14:21:29.859494'}",,2026-06-20T14:21:29.842586,2026-06-20T14:21:29.859576,0,0.01699,{}
job_000018,"{'sku': 'SKU00017', 'price': 27, 'quantity': 70}",completed,"{'sku': 'SKU00017', 'price': 27, 'quantity': 70, 'total_value': 1890, 'processed_at': '2026-06-20T14:21:29.869820'}",,2026-06-20T14:21:29.859591,2026-06-20T14:21:29.870020,0,0.010429,{}
job_000017,"{'sku': 'SKU00016', 'price': 26, 'quantity': 83}",completed,"{'sku': 'SKU00016', 'price': 26, 'quantity': 83, 'total_value': 2158, 'processed_at': '2026-06-20T14:21:29.875806'}",,2026-06-20T14:21:29.859478,2026-06-20T14:21:29.876028,0,0.01655,{}
job_000019,"{'sku': 'SKU00018', 'price': 28, 'quantity': 50}",completed,"{'sku': 'SKU00018', 'price': 28, 'quantity': 50, 'total_value': 1400, 'processed_at': '2026-06-20T14:21:29.881069'}",,2026-06-20T14:21:29.870045,2026-06-20T14:21:29.881256,0,0.011211,{}
job_000020,"{'sku': 'SKU00019', 'price': 29, 'quantity': 72}",completed,"{'sku': 'SKU00019', 'price': 29, 'quantity': 72, 'total_value': 2088, 'processed_at': '2026-06-20T14:21:29.886820'}",,2026-06-20T14:21:29.876053,2026-06-20T14:21:29.886980,0,0.010927,{}
job_000021,"{'sku': 'SKU00020', 'price': 30, 'quantity': 32}",completed,"{'sku': 'SKU00020', 'price': 30, 'quantity': 32, 'total_value': 960, 'processed_at': '2026-06-20T14:21:29.894806'}",,2026-06-20T14:21:29.881280,2026-06-20T14:21:29.894979,0,0.013699,{}
job_000022,"{'sku': 'SKU00021', 'price': 31, 'quantity': 73}",completed,"{'sku': 'SKU00021', 'price': 31, 'quantity': 73, 'total_value': 2263, 'processed_at': '2026-06-20T14:21:29.897202'}",,2026-06-20T14:21:29.887002,2026-06-20T14:21:29.897310,0,0.010308,{}
job_000023,"{'sku': 'SKU00022', 'price': 32, 'quantity': 16}",completed,"{'sku': 'SKU00022', 'price': 32, 'quantity': 16, 'total_value': 512, 'processed_at': '2026-06-20T14:21:29.909811'}",,2026-06-20T14:21:29.895002,2026-06-20T14:21:29.909994,0,0.014992,{}
job_000024,"{'sku': 'SKU00023', 'price': 33, 'quantity': 69}",completed,"{'sku': 'SKU00023', 'price': 33, 'quantity': 69, 'total_value': 2277, 'processed_at': '2026-06-20T14:21:29.911322'}",,2026-06-20T14:21:29.897328,2026-06-20T14:21:29.911472,0,0.014144,{}
job_000025,"{'sku': 'SKU00024', 'price': 34, 'quantity': 6}",completed,"{'sku': 'SKU00024', 'price': 34, 'quantity': 6, 'total_value': 204, 'processed_at': '2026-06-20T14:21:29.920119'}",,2026-06-20T14:21:29.910022,2026-06-20T14:21:29.920320,0,0.010298,{}
job_000026,"{'sku': 'SKU00025', 'price': 35, 'quantity': 41}",completed,"{'sku': 'SKU00025', 'price': 35, 'quantity': 41, 'total_value': 1435, 'processed_at': '2026-06-20T14:21:29.921602'}",,2026-06-20T14:21:29.911497,2026-06-20T14:21:29.921757,0,0.01026,{}
job_000027,"{'sku': 'SKU00026', 'price': 36, 'quantity': 9}",completed,"{'sku': 'SKU00026', 'price': 36, 'quantity': 9, 'total_value': 324, 'processed_at': '2026-06-20T14:21:29.932804'}",,2026-06-20T14:21:29.920348,2026-06-20T14:21:29.932993,0,0.012645,{}
job_000028,"{'sku': 'SKU00027', 'price': 37, 'quantity': 99}",completed,"{'sku': 'SKU00027', 'price': 37, 'quantity': 99, 'total_value': 3663, 'processed_at': '2026-06-20T14:21:29.935920'}",,2026-06-20T14:21:29.921798,2026-06-20T14:21:29.936035,0,0.014237,{}
job_000029,"{'sku': 'SKU00028', 'price': 38, 'quantity': 62}",completed,"{'sku': 'SKU00028', 'price': 38, 'quantity': 62, 'total_value': 2356, 'processed_at': '2026-06-20T14:21:29.943951'}",,2026-06-20T14:21:29.933016,2026-06-20T14:21:29.944135,0,0.011119,{}
job_000030,"{'sku': 'SKU00029', 'price': 39, 'quantity': 88}",completed,"{'sku': 'SKU00029', 'price': 39, 'quantity': 88, 'total_value': 3432, 'processed_at': '2026-06-20T14:21:29.946133'}",,2026-06-20T14:21:29.936053,2026-06-20T14:21:29.946218,0,0.010165,{}
job_000031,"{'sku': 'SKU00030', 'price': 40, 'quantity': 44}",completed,"{'sku': 'SKU00030', 'price': 40, 'quantity': 44, 'total_value': 1760, 'processed_at': '2026-06-20T14:21:29.955455'}",,2026-06-20T14:21:29.944158,2026-06-20T14:21:29.955678,0,0.01152,{}
job_000032,"{'sku': 'SKU00031', 'price': 41, 'quantity': 88}",completed,"{'sku': 'SKU00031', 'price': 41, 'quantity': 88, 'total_value': 3608, 'processed_at': '2026-06-20T14:21:29.957756'}",,2026-06-20T14:21:29.946235,2026-06-20T14:21:29.957864,0,0.011629,{}
job_000033,"{'sku': 'SKU00032', 'price': 42, 'quantity': 83}",completed,"{'sku': 'SKU00032', 'price': 42, 'quantity': 83, 'total_value': 3486, 'processed_at': '2026-06-20T14:21:29.969312'}",,2026-06-20T14:21:29.955702,2026-06-20T14:21:29.969507,0,0.013805,{}
job_000034,"{'sku': 'SKU00033', 'price': 43, 'quantity': 36}",completed,"{'sku': 'SKU00033', 'price': 43, 'quantity': 36, 'total_value': 1548, 'processed_at': '2026-06-20T14:21:29.969550'}",,2026-06-20T14:21:29.957880,2026-06-20T14:21:29.969650,0,0.01177,{}
job_000035,"{'sku': 'SKU00034', 'price': 44, 'quantity': 59}",completed,"{'sku': 'SKU00034', 'price': 44, 'quantity': 59, 'total_value': 2596, 'processed_at': '2026-06-20T14:21:29.979677'}",,2026-06-20T14:21:29.969532,2026-06-20T14:21:29.979879,0,0.010347,{}
job_000036,"{'sku': 'SKU00035', 'price': 45, 'quantity': 58}",completed,"{'sku': 'SKU00035', 'price': 45, 'quantity': 58, 'total_value': 2610, 'processed_at': '2026-06-20T14:21:29.979918'}",,2026-06-20T14:21:29.969668,2026-06-20T14:21:29.979987,0,0.010319,{}
job_000037,"{'sku': 'SKU00036', 'price': 46, 'quantity': 47}",completed,"{'sku': 'SKU00036', 'price': 46, 'quantity': 47, 'total_value': 2162, 'processed_at': '2026-06-20T14:21:29.989994'}",,2026-06-20T14:21:29.979901,2026-06-20T14:21:29.990187,0,0.010286,{}
job_000038,"{'sku': 'SKU00037', 'price': 47, 'quantity': 37}",completed,"{'sku': 'SKU00037', 'price': 47, 'quantity': 37, 'total_value': 1739, 'processed_at': '2026-06-20T14:21:29.990226'}",,2026-06-20T14:21:29.980000,2026-06-20T14:21:29.990289,0,0.010289,{}
job_000040,"{'sku': 'SKU00039', 'price': 49, 'quantity': 95}",completed,"{'sku': 'SKU00039', 'price': 49, 'quantity': 95, 'total_value': 4655, 'processed_at': '2026-06-20T14:21:30.000393'}",,2026-06-20T14:21:29.990302,2026-06-20T14:21:30.000574,0,0.010272,{}
job_000039,"{'sku': 'SKU00038', 'price': 48, 'quantity': 95}",completed,"{'sku': 'SKU00038', 'price': 48, 'quantity': 95, 'total_value': 4560, 'processed_at': '2026-06-20T14:21:30.004785'}",,2026-06-20T14:21:29.990210,2026-06-20T14:21:30.004876,0,0.014666,{}
job_000041,"{'sku': 'SKU00040', 'price': 50, 'quantity': 1}",completed,"{'sku': 'SKU00040', 'price': 50, 'quantity': 1, 'total_value': 50, 'processed_at': '2026-06-20T14:21:30.013918'}",,2026-06-20T14:21:30.000597,2026-06-20T14:21:30.014101,0,0.013504,{}
job_000042,"{'sku': 'SKU00041', 'price': 51, 'quantity': 18}",completed,"{'sku': 'SKU00041', 'price': 51, 'quantity': 18, 'total_value': 918, 'processed_at': '2026-06-20T14:21:30.015815'}",,2026-06-20T14:21:30.004892,2026-06-20T14:21:30.015939,0,0.011047,{}
job_000043,"{'sku': 'SKU00042', 'price': 52, 'quantity': 20}",completed,"{'sku': 'SKU00042', 'price': 52, 'quantity': 20, 'total_value': 1040, 'processed_at': '2026-06-20T14:21:30.024221'}",,2026-06-20T14:21:30.014125,2026-06-20T14:21:30.024400,0,0.010275,{}
job_000044,"{'sku': 'SKU00043', 'price': 53, 'quantity': 86}",completed,"{'sku': 'SKU00043', 'price': 53, 'quantity': 86, 'total_value': 4558, 'processed_at': '2026-06-20T14:21:30.026895'}",,2026-06-20T14:21:30.015958,2026-06-20T14:21:30.027077,0,0.011119,{}
job_000045,"{'sku': 'SKU00044', 'price': 54, 'quantity': 43}",completed,"{'sku': 'SKU00044', 'price': 54, 'quantity': 43, 'total_value': 2322, 'processed_at': '2026-06-20T14:21:30.037262'}",,2026-06-20T14:21:30.024424,2026-06-20T14:21:30.037459,0,0.013035,{}
job_000046,"{'sku': 'SKU00045', 'price': 55, 'quantity': 64}",completed,"{'sku': 'SKU00045', 'price': 55, 'quantity': 64, 'total_value': 3520, 'processed_at': '2026-06-20T14:21:30.037514'}",,2026-06-20T14:21:30.027099,2026-06-20T14:21:30.037610,0,0.010511,{}
job_000048,"{'sku': 'SKU00047', 'price': 57, 'quantity': 59}",completed,"{'sku': 'SKU00047', 'price': 57, 'quantity': 59, 'total_value': 3363, 'processed_at': '2026-06-20T14:21:30.050299'}",,2026-06-20T14:21:30.037625,2026-06-20T14:21:30.050510,0,0.012885,{}
job_000047,"{'sku': 'SKU00046', 'price': 56, 'quantity': 81}",completed,"{'sku': 'SKU00046', 'price': 56, 'quantity': 81, 'total_value': 4536, 'processed_at': '2026-06-20T14:21:30.050555'}",,2026-06-20T14:21:30.037484,2026-06-20T14:21:30.050651,0,0.013167,{}
job_000050,"{'sku': 'SKU00049', 'price': 59, 'quantity': 65}",completed,"{'sku': 'SKU00049', 'price': 59, 'quantity': 65, 'total_value': 3835, 'processed_at': '2026-06-20T14:21:30.060901'}",,2026-06-20T14:21:30.050667,2026-06-20T14:21:30.061071,0,0.010404,{}
job_000049,"{'sku': 'SKU00048', 'price': 58, 'quantity': 14}",completed,"{'sku': 'SKU00048', 'price': 58, 'quantity': 14, 'total_value': 812, 'processed_at': '2026-06-20T14:21:30.062787'}",,2026-06-20T14:21:30.050535,2026-06-20T14:21:30.062972,0,0.012437,{}
job_000051,"{'sku': 'SKU00050', 'price': 60, 'quantity': 71}",completed,"{'sku': 'SKU00050', 'price': 60, 'quantity': 71, 'total_value': 4260, 'processed_at': '2026-06-20T14:21:30.072700'}",,2026-06-20T14:21:30.061119,2026-06-20T14:21:30.072911,0,0.011792,{}
job_000052,"{'sku': 'SKU00051', 'price': 61, 'quantity': 75}",completed,"{'sku': 'SKU00051', 'price': 61, 'quantity': 75, 'total_value': 4575, 'processed_at': '2026-06-20T14:21:30.073349'}",,2026-06-20T14:21:30.062994,2026-06-20T14:21:30.073431,0,0.010437,{}
job_000054,"{'sku': 'SKU00053', 'price': 63, 'quantity': 43}",completed,"{'sku': 'SKU00053', 'price': 63, 'quantity': 43, 'total_value': 2709, 'processed_at': '2026-06-20T14:21:30.084469'}",,2026-06-20T14:21:30.073445,2026-06-20T14:21:30.084671,0,0.011226,{}
job_000053,"{'sku': 'SKU00052', 'price': 62, 'quantity': 21}",completed,"{'sku': 'SKU00052', 'price': 62, 'quantity': 21, 'total_value': 1302, 'processed_at': '2026-06-20T14:21:30.088801'}",,2026-06-20T14:21:30.072946,2026-06-20T14:21:30.088983,0,0.016037,{}
job_000055,"{'sku': 'SKU00054', 'price': 64, 'quantity': 84}",completed,"{'sku': 'SKU00054', 'price': 64, 'quantity': 84, 'total_value': 5376, 'processed_at': '2026-06-20T14:21:30.095659'}",,2026-06-20T14:21:30.084696,2026-06-20T14:21:30.095873,0,0.011177,{}
job_000056,"{'sku': 'SKU00055', 'price': 65, 'quantity': 76}",completed,"{'sku': 'SKU00055', 'price': 65, 'quantity': 76, 'total_value': 4940, 'processed_at': '2026-06-20T14:21:30.102187'}",,2026-06-20T14:21:30.089008,2026-06-20T14:21:30.102348,0,0.01334,{}
job_000057,"{'sku': 'SKU00056', 'price': 66, 'quantity': 78}",completed,"{'sku': 'SKU00056', 'price': 66, 'quantity': 78, 'total_value': 5148, 'processed_at': '2026-06-20T14:21:30.112293'}",,2026-06-20T14:21:30.095896,2026-06-20T14:21:30.112520,0,0.016624,{}
job_000058,"{'sku': 'SKU00057', 'price': 67, 'quantity': 42}",completed,"{'sku': 'SKU00057', 'price': 67, 'quantity': 42, 'total_value': 2814, 'processed_at': '2026-06-20T14:21:30.112564'}",,2026-06-20T14:21:30.102369,2026-06-20T14:21:30.112659,0,0.01029,{}
job_000060,"{'sku': 'SKU00059', 'price': 69, 'quantity': 43}",completed,"{'sku': 'SKU00059', 'price': 69, 'quantity': 43, 'total_value': 2967, 'processed_at': '2026-06-20T14:21:30.123816'}",,2026-06-20T14:21:30.112676,2026-06-20T14:21:30.124019,0,0.011343,{}
job_000059,"{'sku': 'SKU00058', 'price': 68, 'quantity': 65}",completed,"{'sku': 'SKU00058', 'price': 68, 'quantity': 65, 'total_value': 4420, 'processed_at': '2026-06-20T14:21:30.124927'}",,2026-06-20T14:21:30.112547,2026-06-20T14:21:30.125050,0,0.012503,{}
job_000061,"{'sku': 'SKU00060', 'price': 70, 'quantity': 61}",completed,"{'sku': 'SKU00060', 'price': 70, 'quantity': 61, 'total_value': 4270, 'processed_at': '2026-06-20T14:21:30.135797'}",,2026-06-20T14:21:30.124045,2026-06-20T14:21:30.136018,0,0.011973,{}
job_000062,"{'sku': 'SKU00061', 'price': 71, 'quantity': 6}",completed,"{'sku': 'SKU00061', 'price': 71, 'quantity': 6, 'total_value': 426, 'processed_at': '2026-06-20T14:21:30.137794'}",,2026-06-20T14:21:30.125070,2026-06-20T14:21:30.137892,0,0.012822,{}
job_000063,"{'sku': 'SKU00062', 'price': 72, 'quantity': 45}",completed,"{'sku': 'SKU00062', 'price': 72, 'quantity': 45, 'total_value': 3240, 'processed_at': '2026-06-20T14:21:30.147806'}",,2026-06-20T14:21:30.136043,2026-06-20T14:21:30.148151,0,0.012108,{}
job_000064,"{'sku': 'SKU00063', 'price': 73, 'quantity': 3}",completed,"{'sku': 'SKU00063', 'price': 73, 'quantity': 3, 'total_value': 219, 'processed_at': '2026-06-20T14:21:30.148194'}",,2026-06-20T14:21:30.137909,2026-06-20T14:21:30.148290,0,0.010381,{}
job_000065,"{'sku': 'SKU00064', 'price': 74, 'quantity': 68}",completed,"{'sku': 'SKU00064', 'price': 74, 'quantity': 68, 'total_value': 5032, 'processed_at': '2026-06-20T14:21:30.158272'}",,2026-06-20T14:21:30.148177,2026-06-20T14:21:30.158480,0,0.010303,{}
job_000066,"{'sku': 'SKU00065', 'price': 75, 'quantity': 30}",completed,"{'sku': 'SKU00065', 'price': 75, 'quantity': 30, 'total_value': 2250, 'processed_at': '2026-06-20T14:21:30.158518'}",,2026-06-20T14:21:30.148306,2026-06-20T14:21:30.158582,0,0.010276,{}
job_000068,"{'sku': 'SKU00067', 'price': 77, 'quantity': 56}",completed,"{'sku': 'SKU00067', 'price': 77, 'quantity': 56, 'total_value': 4312, 'processed_at': '2026-06-20T14:21:30.168683'}",,2026-06-20T14:21:30.158595,2026-06-20T14:21:30.168918,0,0.010323,{}
job_000067,"{'sku': 'SKU00066', 'price': 76, 'quantity': 46}",completed,"{'sku': 'SKU00066', 'price': 76, 'quantity': 46, 'total_value': 3496, 'processed_at': '2026-06-20T14:21:30.178012'}",,2026-06-20T14:21:30.158503,2026-06-20T14:21:30.178187,0,0.019684,{}
job_000069,"{'sku': 'SKU00068', 'price': 78, 'quantity': 86}",completed,"{'sku': 'SKU00068', 'price': 78, 'quantity': 86, 'total_value': 6708, 'processed_at': '2026-06-20T14:21:30.183859'}",,2026-06-20T14:21:30.168941,2026-06-20T14:21:30.184035,0,0.015094,{}
job_000070,"{'sku': 'SKU00069', 'price': 79, 'quantity': 1}",completed,"{'sku': 'SKU00069', 'price': 79, 'quantity': 1, 'total_value': 79, 'processed_at': '2026-06-20T14:21:30.188911'}",,2026-06-20T14:21:30.178210,2026-06-20T14:21:30.189078,0,0.010868,{}
job_000071,"{'sku': 'SKU00070', 'price': 80, 'quantity': 17}",completed,"{'sku': 'SKU00070', 'price': 80, 'quantity': 17, 'total_value': 1360, 'processed_at': '2026-06-20T14:21:30.195948'}",,2026-06-20T14:21:30.184079,2026-06-20T14:21:30.196113,0,0.012034,{}
job_000072,"{'sku': 'SKU00071', 'price': 81, 'quantity': 31}",completed,"{'sku': 'SKU00071', 'price': 81, 'quantity': 31, 'total_value': 2511, 'processed_at': '2026-06-20T14:21:30.199311'}",,2026-06-20T14:21:30.189099,2026-06-20T14:21:30.199469,0,0.01037,{}
job_000073,"{'sku': 'SKU00072', 'price': 82, 'quantity': 66}",completed,"{'sku': 'SKU00072', 'price': 82, 'quantity': 66, 'total_value': 5412, 'processed_at': '2026-06-20T14:21:30.213323'}",,2026-06-20T14:21:30.196134,2026-06-20T14:21:30.213502,0,0.017368,{}
job_000074,"{'sku': 'SKU00073', 'price': 83, 'quantity': 95}",completed,"{'sku': 'SKU00073', 'price': 83, 'quantity': 95, 'total_value': 7885, 'processed_at': '2026-06-20T14:21:30.215268'}",,2026-06-20T14:21:30.199490,2026-06-20T14:21:30.215438,0,0.015948,{}
job_000075,"{'sku': 'SKU00074', 'price': 84, 'quantity': 82}",completed,"{'sku': 'SKU00074', 'price': 84, 'quantity': 82, 'total_value': 6888, 'processed_at': '2026-06-20T14:21:30.224801'}",,2026-06-20T14:21:30.213526,2026-06-20T14:21:30.224997,0,0.011471,{}
job_000076,"{'sku': 'SKU00075', 'price': 85, 'quantity': 84}",completed,"{'sku': 'SKU00075', 'price': 85, 'quantity': 84, 'total_value': 7140, 'processed_at': '2026-06-20T14:21:30.229794'}",,2026-06-20T14:21:30.215460,2026-06-20T14:21:30.229949,0,0.014489,{}
job_000077,"{'sku': 'SKU00076', 'price': 86, 'quantity': 95}",completed,"{'sku': 'SKU00076', 'price': 86, 'quantity': 95, 'total_value': 8170, 'processed_at': '2026-06-20T14:21:30.238827'}",,2026-06-20T14:21:30.225024,2026-06-20T14:21:30.238996,0,0.013972,{}
job_000078,"{'sku': 'SKU00077', 'price': 87, 'quantity': 29}",completed,"{'sku': 'SKU00077', 'price': 87, 'quantity': 29, 'total_value': 2523, 'processed_at': '2026-06-20T14:21:30.240058'}",,2026-06-20T14:21:30.229971,2026-06-20T14:21:30.240156,0,0.010185,{}
job_000079,"{'sku': 'SKU00078', 'price': 88, 'quantity': 48}",completed,"{'sku': 'SKU00078', 'price': 88, 'quantity': 48, 'total_value': 4224, 'processed_at': '2026-06-20T14:21:30.252800'}",,2026-06-20T14:21:30.239018,2026-06-20T14:21:30.252984,0,0.013966,{}
job_000080,"{'sku': 'SKU00079', 'price': 89, 'quantity': 88}",completed,"{'sku': 'SKU00079', 'price': 89, 'quantity': 88, 'total_value': 7832, 'processed_at': '2026-06-20T14:21:30.253041'}",,2026-06-20T14:21:30.240171,2026-06-20T14:21:30.253128,0,0.012957,{}
job_000082,"{'sku': 'SKU00081', 'price': 91, 'quantity': 11}",completed,"{'sku': 'SKU00081', 'price': 91, 'quantity': 11, 'total_value': 1001, 'processed_at': '2026-06-20T14:21:30.264570'}",,2026-06-20T14:21:30.253142,2026-06-20T14:21:30.264755,0,0.011613,{}
job_000081,"{'sku': 'SKU00080', 'price': 90, 'quantity': 57}",completed,"{'sku': 'SKU00080', 'price': 90, 'quantity': 57, 'total_value': 5130, 'processed_at': '2026-06-20T14:21:30.264859'}",,2026-06-20T14:21:30.253007,2026-06-20T14:21:30.264947,0,0.01194,{}
job_000083,"{'sku': 'SKU00082', 'price': 92, 'quantity': 68}",completed,"{'sku': 'SKU00082', 'price': 92, 'quantity': 68, 'total_value': 6256, 'processed_at': '2026-06-20T14:21:30.275476'}",,2026-06-20T14:21:30.264842,2026-06-20T14:21:30.275649,0,0.010807,{}
job_000084,"{'sku': 'SKU00083', 'price': 93, 'quantity': 69}",completed,"{'sku': 'SKU00083', 'price': 93, 'quantity': 69, 'total_value': 6417, 'processed_at': '2026-06-20T14:21:30.275790'}",,2026-06-20T14:21:30.264961,2026-06-20T14:21:30.275873,0,0.010912,{}
job_000086,"{'sku': 'SKU00085', 'price': 95, 'quantity': 62}",completed,"{'sku': 'SKU00085', 'price': 95, 'quantity': 62, 'total_value': 5890, 'processed_at': '2026-06-20T14:21:30.288559'}",,2026-06-20T14:21:30.275888,2026-06-20T14:21:30.288729,0,0.012841,{}
job_000085,"{'sku': 'SKU00084', 'price': 94, 'quantity': 33}",completed,"{'sku': 'SKU00084', 'price': 94, 'quantity': 33, 'total_value': 3102, 'processed_at': '2026-06-20T14:21:30.288849'}",,2026-06-20T14:21:30.275672,2026-06-20T14:21:30.288934,0,0.013262,{}
job_000088,"{'sku': 'SKU00087', 'price': 97, 'quantity': 28}",completed,"{'sku': 'SKU00087', 'price': 97, 'quantity': 28, 'total_value': 2716, 'processed_at': '2026-06-20T14:21:30.302852'}",,2026-06-20T14:21:30.288951,2026-06-20T14:21:30.303038,0,0.014087,{}
job_000087,"{'sku': 'SKU00086', 'price': 96, 'quantity': 7}",completed,"{'sku': 'SKU00086', 'price': 96, 'quantity': 7, 'total_value': 672, 'processed_at': '2026-06-20T14:21:30.303197'}",,2026-06-20T14:21:30.288752,2026-06-20T14:21:30.303294,0,0.014542,{}
job_000090,"{'sku': 'SKU00089', 'price': 99, 'quantity': 69}",completed,"{'sku': 'SKU00089', 'price': 99, 'quantity': 69, 'total_value': 6831, 'processed_at': '2026-06-20T14:21:30.313407'}",,2026-06-20T14:21:30.303311,2026-06-20T14:21:30.313590,0,0.010279,{}
job_000089,"{'sku': 'SKU00088', 'price': 98, 'quantity': 36}",completed,"{'sku': 'SKU00088', 'price': 98, 'quantity': 36, 'total_value': 3528, 'processed_at': '2026-06-20T14:21:30.314226'}",,2026-06-20T14:21:30.303064,2026-06-20T14:21:30.314325,0,0.011261,{}
job_000092,"{'sku': 'SKU00091', 'price': 101, 'quantity': 47}",completed,"{'sku': 'SKU00091', 'price': 101, 'quantity': 47, 'total_value': 4747, 'processed_at': '2026-06-20T14:21:30.326920'}",,2026-06-20T14:21:30.314343,2026-06-20T14:21:30.327093,0,0.01275,{}
job_000091,"{'sku': 'SKU00090', 'price': 100, 'quantity': 80}",completed,"{'sku': 'SKU00090', 'price': 100, 'quantity': 80, 'total_value': 8000, 'processed_at': '2026-06-20T14:21:30.328785'}",,2026-06-20T14:21:30.313615,2026-06-20T14:21:30.328882,0,0.015267,{}
job_000094,"{'sku': 'SKU00093', 'price': 103, 'quantity': 43}",completed,"{'sku': 'SKU00093', 'price': 103, 'quantity': 43, 'total_value': 4429, 'processed_at': '2026-06-20T14:21:30.340625'}",,2026-06-20T14:21:30.328899,2026-06-20T14:21:30.340837,0,0.011938,{}
job_000093,"{'sku': 'SKU00092', 'price': 102, 'quantity': 29}",completed,"{'sku': 'SKU00092', 'price': 102, 'quantity': 29, 'total_value': 2958, 'processed_at': '2026-06-20T14:21:30.341706'}",,2026-06-20T14:21:30.327117,2026-06-20T14:21:30.341819,0,0.014702,{}
job_000096,"{'sku': 'SKU00095', 'price': 105, 'quantity': 13}",completed,"{'sku': 'SKU00095', 'price': 105, 'quantity': 13, 'total_value': 1365, 'processed_at': '2026-06-20T14:21:30.351945'}",,2026-06-20T14:21:30.341836,2026-06-20T14:21:30.352128,0,0.010292,{}
job_000095,"{'sku': 'SKU00094', 'price': 104, 'quantity': 42}",completed,"{'sku': 'SKU00094', 'price': 104, 'quantity': 42, 'total_value': 4368, 'processed_at': '2026-06-20T14:21:30.353142'}",,2026-06-20T14:21:30.340864,2026-06-20T14:21:30.353249,0,0.012385,{}
job_000097,"{'sku': 'SKU00096', 'price': 106, 'quantity': 13}",completed,"{'sku': 'SKU00096', 'price': 106, 'quantity': 13, 'total_value': 1378, 'processed_at': '2026-06-20T14:21:30.365414'}",,2026-06-20T14:21:30.352154,2026-06-20T14:21:30.365585,0,0.013431,{}
job_000098,"{'sku': 'SKU00097', 'price': 107, 'quantity': 46}",completed,"{'sku': 'SKU00097', 'price': 107, 'quantity': 46, 'total_value': 4922, 'processed_at': '2026-06-20T14:21:30.365637'}",,2026-06-20T14:21:30.353269,2026-06-20T14:21:30.365714,0,0.012445,{}
job_000100,"{'sku': 'SKU00099', 'price': 109, 'quantity': 26}",completed,"{'sku': 'SKU00099', 'price': 109, 'quantity': 26, 'total_value': 2834, 'processed_at': '2026-06-20T14:21:30.377150'}",,2026-06-20T14:21:30.365728,2026-06-20T14:21:30.377341,0,0.011613,{}
job_000099,"{'sku': 'SKU00098', 'price': 108, 'quantity': 4}",completed,"{'sku': 'SKU00098', 'price': 108, 'quantity': 4, 'total_value': 432, 'processed_at': '2026-06-20T14:21:30.378854'}",,2026-06-20T14:21:30.365608,2026-06-20T14:21:30.378958,0,0.01335,{}
